{"max_value": -0.036165498197078705, "average_value": -0.036165498197078705, "_timestamp": 1722824269.6707664, "_runtime": 5.5812482833862305, "_step": 0, "_wandb": {"runtime": 4}}