{"max_value": 0.04991641640663147, "average_value": 0.04991641640663147, "_timestamp": 1722820995.3991506, "_runtime": 5.526144504547119, "_step": 0, "_wandb": {"runtime": 4}}