{"max_value": -0.10404443740844727, "average_value": -0.10404443740844727, "_timestamp": 1722821428.8406022, "_runtime": 7.725070238113403, "_step": 11, "video": {"_type": "video-file", "sha256": "f8919650c358799220b31a2b531166f6d86444f405a3f7d02af47f676b1cee42", "size": 3273, "path": "media/videos/video_11_f8919650c358799220b3.mp4"}, "_wandb": {"runtime": 17}}