{"max_value": -0.08676969259977341, "average_value": -0.08676969259977341, "_timestamp": 1722822523.2642996, "_runtime": 32.356733560562134, "_step": 169, "video": {"_type": "video-file", "sha256": "3bae7fb92a0698dcfc67e33c92e9f6c618b33d2323e018116833e480b4eb8a6e", "size": 3397, "path": "media/videos/video_155_3bae7fb92a0698dcfc67.mp4"}, "_wandb": {"runtime": 51}}