{"max_value": 0.12032747268676758, "average_value": 0.12032747268676758, "_timestamp": 1722823876.5984406, "_runtime": 5.696251630783081, "_step": 0, "_wandb": {"runtime": 4}}