{"max_value": 0.12165834754705429, "average_value": 0.12165834754705429, "_timestamp": 1722821040.742426, "_runtime": 5.4277589321136475, "_step": 0, "_wandb": {"runtime": 4}}