{"max_value": 0.06184861809015274, "average_value": 0.06184861809015274, "_timestamp": 1722821920.0744283, "_runtime": 43.66652536392212, "_step": 235, "_wandb": {"runtime": 42}}