{"max_value": -0.054091326892375946, "average_value": -0.054091326892375946, "_timestamp": 1722823713.657241, "_runtime": 6.3283820152282715, "_step": 0, "_wandb": {"runtime": 4}}