{"max_value": 0.04149936884641647, "average_value": 0.04149936884641647, "_timestamp": 1722822366.439334, "_runtime": 38.97016000747681, "_step": 239, "video": {"_type": "video-file", "sha256": "e99890ffb0b7489b024b5c5572ea13a51ad8c0352447155f85e6d80e6eb61304", "size": 3713, "path": "media/videos/video_198_e99890ffb0b7489b024b.mp4"}, "_wandb": {"runtime": 115}}