{"max_value": -0.06577776372432709, "average_value": -0.06577776372432709, "_timestamp": 1722823626.2243526, "_runtime": 5.086289644241333, "_step": 0, "_wandb": {"runtime": 3}}