{"max_value": 0.03942515328526497, "average_value": 0.03942515328526497, "_timestamp": 1722823761.9158232, "_runtime": 5.721649169921875, "_step": 0, "_wandb": {"runtime": 4}}