{"max_value": 0.06485918164253235, "average_value": 0.06485918164253235, "_timestamp": 1722821602.66258, "_runtime": 8.21255898475647, "_step": 13, "video": {"_type": "video-file", "sha256": "e1e22d9cef99bf6955697562b40797a757f09355eaad34ad3a450d3bd34d751c", "size": 3451, "path": "media/videos/video_13_e1e22d9cef99bf695569.mp4"}, "_wandb": {"runtime": 13}}