{"max_value": 0.035668209195137024, "average_value": 0.035668209195137024, "_timestamp": 1722824066.4355414, "_runtime": 5.642558336257935, "_step": 0, "_wandb": {"runtime": 4}}