{"max_value": 0.12889504432678223, "average_value": 0.12889504432678223, "_timestamp": 1722824361.624061, "_runtime": 37.704052209854126, "_step": 210, "video": {"_type": "video-file", "sha256": "da87d04baad93f360803d85752e8193990edc492a3bd692f353500b5a0f5e57b", "size": 4065, "path": "media/videos/video_174_da87d04baad93f360803.mp4"}, "_wandb": {"runtime": 46}}