{"max_value": -0.11702677607536316, "average_value": -0.11702677607536316, "_timestamp": 1722821154.5817425, "_runtime": 9.61179256439209, "_step": 19, "video": {"_type": "video-file", "sha256": "80b80fae6c49e1c343025bc01e61e188941e0e7e2365fb4489dfb31f4dc9f15d", "size": 3724, "path": "media/videos/video_19_80b80fae6c49e1c34302.mp4"}, "_wandb": {"runtime": 81}}