{"max_value": 0.027946513146162033, "average_value": 0.027946513146162033, "_timestamp": 1722824154.066502, "_runtime": 5.677772045135498, "_step": 0, "_wandb": {"runtime": 4}}