{"max_value": 0.16058823466300964, "average_value": 0.16058823466300964, "_timestamp": 1722823657.606243, "_runtime": 6.1042399406433105, "_step": 0, "_wandb": {"runtime": 4}}