{"max_value": -0.03654707968235016, "average_value": -0.03654707968235016, "_timestamp": 1722823977.2285395, "_runtime": 6.709125518798828, "_step": 0, "_wandb": {"runtime": 4}}